,Capacities (kW),Capex ($/y),FOM ($/y),Total capex ($),Expected opex ($/y),Expected cost ($/y)
Solar,6.90443455254964,355.73944940988963,37.97439003902302,3797.439003902302,,
Storage,12.628645882102994,459.5445002929092,37.88593764630898,3788.593764630898,,
Total,19.533080434652632,815.2839497027989,75.86032768533201,7586.0327685331995,43.422195258375154,934.566472646506
