,Capacities (kW),Capex ($/y),FOM ($/y),Expected opex ($/y),Expected cost ($/y)
Solar,0.6716590643863887,34.2049796419222,8.395738304829859,,
Wind,2.0988283522809237,196.61567748133095,41.976567045618474,,
Storage,4.038221439057604,84.92104315367634,29.07519436121475,,
Total,6.808708855724916,315.74170027692946,79.44749971166308,3.979039320256561e-13,395.189199988593
