,Capacities (kW),Capex ($/y),FOM ($/y),Expected opex ($/y),Expected cost ($/y)
Solar,0.0,0.0,0.0,,
Wind,3.2804736796996496,245.84861522110424,26.243789437597197,,
Storage,0.6083885061874272,22.138683329149874,1.8251655185622817,,
Total,3.888862185887077,267.98729855025414,28.06895495615948,3.979039320256561e-13,296.056253506414
