,Capacities (kW),Capex ($/y),FOM ($/y),Total capex ($),Expected opex ($/y),Expected cost ($/y)
Solar,1.7670400843593779,91.04378670127029,9.718720463976577,971.8720463976579,,
Wind,2.8250125430681265,224.94716696494993,36.725163059885645,2401.2606616079074,,
Storage,3.1656706211192973,115.195765029398,9.497011863357892,949.7011863357892,,
Total,7.757723248546801,431.1867186956182,55.94089538722012,4322.833894341355,52.27398198775171,539.40159607059
