,Capacities (kW),Capex ($/y),FOM ($/y),Expected opex ($/y),Expected cost ($/y)
Coal,0.2208087027715556,20.685089679688257,5.299408866517334,,
Solar,0.0,0.0,0.0,,
Wind,2.4286757472834912,182.01230297491497,19.42940597826793,,
Storage,0.4958637858442452,18.044014996261605,1.4875913575327355,,
Total,3.145348235899292,220.74140765086483,26.216406202317998,47.05146404748214,294.009277900665
